{
  "framework": "nextjs",
  "buildCommand": "next build",
  "devCommand": "next dev",
  "installCommand": "npm install",
  "outputDirectory": ".next",

  "regions": ["bom1"],

  "headers": [
    {
      "source": "/frames/(.*)",
      "headers": [
        {
          "key": "Cache-Control",
          "value": "public, max-age=31536000, immutable"
        },
        {
          "key": "Vary",
          "value": "Accept-Encoding"
        }
      ]
    },
    {
      "source": "/(.*)",
      "headers": [
        {
          "key": "X-Content-Type-Options",
          "value": "nosniff"
        },
        {
          "key": "X-Frame-Options",
          "value": "DENY"
        },
        {
          "key": "X-XSS-Protection",
          "value": "1; mode=block"
        },
        {
          "key": "Referrer-Policy",
          "value": "strict-origin-when-cross-origin"
        },
        {
          "key": "Permissions-Policy",
          "value": "camera=(), microphone=(), geolocation=()"
        }
      ]
    }
  ],

  "env": {
    "NEXT_PUBLIC_SITE_URL": "@site_url"
  }
}
